{"name":"3e6eec8f-11ca-4407-983e-908851e4ce00","id":"/providers/Microsoft.Flow/flows/3e6eec8f-11ca-4407-983e-908851e4ce00","type":"Microsoft.Flow/flows","properties":{"apiId":"/providers/Microsoft.PowerApps/apis/shared_logicflows","displayName":"Timesheet Submit → Save to OneDrive","definition":{"metadata":{"workflowEntityId":null,"processAdvisorMetadata":null,"flowChargedByPaygo":null,"flowclientsuspensionreason":"None","flowclientsuspensiontime":null,"flowclientsuspensionreasondetails":null,"creator":{"id":"cc9eb575-6e73-45f8-b793-455a24d5578c","type":"User","tenantId":"67eef1c4-eb38-428c-9418-36a1843e158c"},"provisioningMethod":"FromDefinition","failureAlertSubscription":true,"clientLastModifiedTime":"2026-01-12T19:44:16.3933067Z","connectionKeySavedTimeKey":"2026-01-12T19:44:16.3933067Z","creationSource":"Portal","modifiedSources":"Portal"},"$schema":"https://schema.management.azure.com/providers/Microsoft.Logic/schemas/2016-06-01/workflowdefinition.json#","contentVersion":"1.0.0.0","parameters":{"$authentication":{"defaultValue":{},"type":"SecureObject"},"$connections":{"defaultValue":{},"type":"Object"}},"triggers":{"When_a_new_response_is_submitted":{"splitOn":"@triggerOutputs()?['body/value']","type":"OpenApiConnectionWebhook","inputs":{"parameters":{"form_id":"xPHuZzjrjEKUGDahhD4VjHW1nsxzbvhFt5NFWiTVV4xUMEE1VVlOVlVBMjJZMlNJSjhLQ1BEQTJLNy4u"},"host":{"apiId":"/providers/Microsoft.PowerApps/apis/shared_microsoftforms","connectionName":"shared_microsoftforms","operationId":"CreateFormWebhook"},"authentication":"@parameters('$authentication')"}}},"actions":{"Get_response_details":{"runAfter":{},"type":"OpenApiConnection","inputs":{"parameters":{"form_id":"xPHuZzjrjEKUGDahhD4VjHW1nsxzbvhFt5NFWiTVV4xUMEE1VVlOVlVBMjJZMlNJSjhLQ1BEQTJLNy4u","response_id":"@triggerOutputs()?['body/resourceData/responseId']"},"host":{"apiId":"/providers/Microsoft.PowerApps/apis/shared_microsoftforms","connectionName":"shared_microsoftforms","operationId":"GetFormResponseById"},"authentication":"@parameters('$authentication')"}},"Compose_FilesRaw":{"runAfter":{"Get_response_details":["Succeeded"]},"type":"Compose","inputs":"@outputs('Get_response_details')?['body/rd77ede28d78c4468a5fdc6a25522f117']"},"Parse_JSON":{"runAfter":{"Compose_FilesRaw":["Succeeded"]},"type":"ParseJson","inputs":{"content":"@json(string(coalesce(outputs('Compose_FilesRaw'), '[]')))\r\n","schema":{"type":"array","items":{"type":"object","properties":{"name":{"type":"string"},"link":{"type":"string"},"id":{"type":"string"}},"required":["name","link","id"]}}}},"Send_an_email_(V2)":{"runAfter":{"Condition":["Succeeded"]},"type":"OpenApiConnection","inputs":{"parameters":{"emailMessage/To":"@outputs('Get_response_details')?['body/responder']","emailMessage/Subject":"Timesheet received - @{outputs('Get_response_details')?['body/r82a71dc803c14d2e9f2c75ad738fa94f']}","emailMessage/Body":"<p class=\"editor-paragraph\">Thanks, we received your timesheet for @{outputs('Get_response_details')?['body/r82a71dc803c14d2e9f2c75ad738fa94f']}</p>","emailMessage/Importance":"Normal"},"host":{"apiId":"/providers/Microsoft.PowerApps/apis/shared_office365","connectionName":"shared_office365","operationId":"SendEmailV2"},"authentication":"@parameters('$authentication')"}},"Get_items":{"runAfter":{"Parse_JSON":["Succeeded"]},"type":"OpenApiConnection","inputs":{"parameters":{"dataset":"https://webmailuwinnipeg.sharepoint.com/sites/TimesheetSubmissionsDemo","table":"af397332-c7b8-49fc-879a-ef6f2341cd3e","$filter":"Title eq '@{outputs('Get_response_details')?['body/r82a71dc803c14d2e9f2c75ad738fa94f']}'\n"},"host":{"apiId":"/providers/Microsoft.PowerApps/apis/shared_sharepointonline","connectionName":"shared_sharepointonline","operationId":"GetItems"},"authentication":"@parameters('$authentication')"}},"Compose_deadline":{"runAfter":{"Get_items":["Succeeded"]},"type":"Compose","inputs":"@first(body('Get_items')?['value'])?['DeadlineDateTime']"},"Condition":{"actions":{"Apply_to_each_1":{"foreach":"@body('Parse_JSON')","actions":{"Get_file_content_1":{"type":"OpenApiConnection","inputs":{"parameters":{"id":"@items('Apply_to_each_1')['id']","inferContentType":true},"host":{"apiId":"/providers/Microsoft.PowerApps/apis/shared_onedriveforbusiness","connectionName":"shared_onedriveforbusiness","operationId":"GetFileContent"},"authentication":"@parameters('$authentication')"}},"Create_file_1":{"runAfter":{"Get_file_content_1":["Succeeded"]},"type":"OpenApiConnection","inputs":{"parameters":{"folderPath":"/Timesheet/Fall 2025/@{outputs('Get_response_details')?['body/r82a71dc803c14d2e9f2c75ad738fa94f']}","name":"@concat('LATE_', items('Apply_to_each_1')?['name'])\r\n","body":"@body('Get_file_content_1')"},"host":{"apiId":"/providers/Microsoft.PowerApps/apis/shared_onedriveforbusiness","connectionName":"shared_onedriveforbusiness","operationId":"CreateFile"},"authentication":"@parameters('$authentication')"},"runtimeConfiguration":{"contentTransfer":{"transferMode":"Chunked"}}}},"type":"Foreach"}},"runAfter":{"Compose_deadline":["Succeeded"]},"else":{"actions":{"Apply_to_each_2":{"foreach":"@body('Parse_JSON')","actions":{"Get_file_content_2":{"type":"OpenApiConnection","inputs":{"parameters":{"id":"@items('Apply_to_each_2')['id']","inferContentType":true},"host":{"apiId":"/providers/Microsoft.PowerApps/apis/shared_onedriveforbusiness","connectionName":"shared_onedriveforbusiness","operationId":"GetFileContent"},"authentication":"@parameters('$authentication')"}},"Create_file_2":{"runAfter":{"Get_file_content_2":["Succeeded"]},"type":"OpenApiConnection","inputs":{"parameters":{"folderPath":"/Timesheet/Fall 2025/@{outputs('Get_response_details')?['body/r82a71dc803c14d2e9f2c75ad738fa94f']}","name":"@items('Apply_to_each_2')?['name']","body":"@body('Get_file_content_2')"},"host":{"apiId":"/providers/Microsoft.PowerApps/apis/shared_onedriveforbusiness","connectionName":"shared_onedriveforbusiness","operationId":"CreateFile"},"authentication":"@parameters('$authentication')"},"runtimeConfiguration":{"contentTransfer":{"transferMode":"Chunked"}}}},"type":"Foreach"}}},"expression":{"and":[{"greater":["@ticks(convertTimeZone(utcNow(),'UTC','Central Standard Time'))","@ticks(outputs('Compose_deadline'))"]},{"equals":["",""]}]},"type":"If"}},"outputs":{}},"connectionReferences":{"shared_microsoftforms":{"connectionName":"shared-microsoftform-d358d7a0-568c-4d76-b81a-82af24bc5861","source":"Embedded","id":"/providers/Microsoft.PowerApps/apis/shared_microsoftforms","tier":"NotSpecified","apiName":"microsoftforms","isProcessSimpleApiReferenceConversionAlreadyDone":false},"shared_office365":{"connectionName":"shared-office365-d02b18fc-5499-4076-97de-ea53c90e21f0","source":"Embedded","id":"/providers/Microsoft.PowerApps/apis/shared_office365","tier":"NotSpecified","apiName":"office365","isProcessSimpleApiReferenceConversionAlreadyDone":false},"shared_sharepointonline":{"connectionName":"shared-sharepointonl-0355f0cb-3f6c-4191-bf96-f62407629552","source":"Embedded","id":"/providers/Microsoft.PowerApps/apis/shared_sharepointonline","tier":"NotSpecified","apiName":"sharepointonline","isProcessSimpleApiReferenceConversionAlreadyDone":false},"shared_onedriveforbusiness":{"connectionName":"shared-onedriveforbu-71de61f0-7b6e-4177-8604-4baf0c07c154","source":"Embedded","id":"/providers/Microsoft.PowerApps/apis/shared_onedriveforbusiness","tier":"NotSpecified","apiName":"onedriveforbusiness","isProcessSimpleApiReferenceConversionAlreadyDone":false}},"flowFailureAlertSubscribed":false,"isManaged":false}}